,site_id,geometry,name
0,10002,"POLYGON Z ((6.920769027558275 43.75449121674478 1319.8584192404523, 6.920575718572273 43.75473921290615 1319.3033537482843, 6.921225522783775 43.75483465295305 1323.7008658843115, 6.9215764612823785 43.75463445487693 1323.3432332416996, 6.920769027558275 43.75449121674478 1319.8584192404523))",Grasse (OCA)
1,10003,"POLYGON Z ((1.484889718501069 43.54962265959908 210.79596604034305, 1.4812073855808385 43.55813766742102 207.6910119438544, 1.4807625101587398 43.56077472029336 207.09634654596448, 1.4808928391721505 43.56069617279205 207.18445165734738, 1.4850422047644585 43.54971292423458 208.74784083850682, 1.484889718501069 43.54962265959908 210.79596604034305))",Toulouse
2,10004,"POLYGON Z ((-4.496592391619885 48.38049510663987 65.82489314768463, -4.503830973780643 48.40786665738257 104.4208187321201, -4.411817679315109 48.444605172648146 154.6854731440544, -4.496592391619885 48.38049510663987 65.82489314768463))",Brest
3,10077,"POLYGON Z ((8.762698268870011 41.92739128662286 96.80210820678622, 8.762455374933241 41.92747055733382 98.24128381721675, 8.762617178153613 41.927458825358165 98.78619614429772, 8.762698268870011 41.92739128662286 96.80210820678622))",Ajaccio
4,10202,"POLYGON Z ((-21.955487302082858 64.13878583177694 93.04830684140325, -21.995181792552696 64.1509775626266 95.55263383314013, -21.995181886124104 64.1509779077686 95.75500599201769, -21.90946878235935 64.14600467523736 83.2367795696482, -21.955487302082858 64.13878583177694 93.04830684140325))",Reykjavik
5,10302,"POLYGON Z ((18.93965049820503 69.66271950964412 138.11681554373354, 18.93833297538508 69.66275012061257 132.46323358733207, 18.939452087898466 69.66297657947618 132.95418168511242, 18.93965049820503 69.66271950964412 138.11681554373354))",Tromso
6,10317,"POLYGON Z ((11.931689489486216 78.92339898764025 52.6738913487643, 11.86970052705624 78.92911256111584 87.41602307930589, 11.865314018804648 78.92955607250599 84.31464888434857, 11.858637636975772 78.93033231066637 81.44564766902477, 11.931686465682063 78.9234048584027 52.42899582814425, 11.93168739357258 78.92340448192257 52.65538911148906, 11.931689489486216 78.92339898764025 52.6738913487643))",Ny-Alesund
7,10402,"POLYGON Z ((11.918953107712829 57.393091959733304 53.24811931792647, 11.919747594662486 57.39361064124471 53.24605803564191, 11.924544114370201 57.395334756294645 44.50004736613482, 11.926359566069742 57.395838704904655 59.31581461708993, 11.925520260211227 57.39530024043222 45.61598382331431, 11.918953107712829 57.393091959733304 53.24811931792647))",Onsala
8,10503,"POLYGON Z ((24.394556961987867 60.21715592415322 74.12023316603154, 24.393115856214553 60.21781081078932 79.98849252890795, 24.384175755323227 60.24196698944862 59.672495199367404, 24.384175773472673 60.2419670668211 59.67920070420951, 24.38451262583909 60.24202811939078 62.95515274722129, 24.39533435377196 60.21748114229258 94.60720882192254, 24.39532389598988 60.21747328736743 94.65561041142792, 24.394556961987867 60.21715592415322 74.12023316603154))",Metsahovi
9,12302,"POLYGON Z ((24.05860500845752 56.948465559079665 29.389307647943497, 24.05863450656791 56.948722826904635 31.22121362015605, 24.059080055181038 56.94855295643985 31.352432882413268, 24.05860500845752 56.948465559079665 29.389307647943497))",Riga
10,12309,"POLYGON Z ((37.214507635275375 56.02149336676591 257.1071267109364, 37.223547577738614 56.02750732130835 254.9264382608235, 37.22490528539909 56.027733990631255 227.2985598454252, 37.214507635275375 56.02149336676591 257.1071267109364))",MENDELEEVO
11,12313,"POLYGON Z ((104.31618595064597 52.2190200481549 502.04246969427913, 104.31639074092551 52.21913835040907 505.63402727339417, 104.31624406638879 52.21902361883939 502.3443170655519, 104.31618595064597 52.2190200481549 502.04246969427913))",Irkoutsk
12,12329,"POLYGON Z ((142.71679232414016 47.02969656327175 90.77806424722075, 142.71672171677568 47.02973391195437 91.29166477918625, 142.71679282407314 47.029696779672705 90.95873988233507, 142.71679232414016 47.02969656327175 90.77806424722075))",Yuzhno-Sakhalin
13,12334,"POLYGON Z ((66.88667993056563 39.133381208861366 623.0795747097582, 66.88486254000429 39.13366447114572 629.4359598774463, 66.88486237586547 39.133664512862886 630.2060166457668, 66.8853940803701 39.134734279619536 623.3654112778604, 66.88544856648888 39.134767345276906 622.4797986391932, 66.88673765604828 39.13338626182315 620.6461930740625, 66.88667993056563 39.133381208861366 623.0795747097582))",Kitab
14,12337,"POLYGON Z ((33.96946740723316 44.3928898887452 67.36932333558798, 33.99161051031454 44.415356794400424 386.4758349461481, 33.99098525693285 44.41326078983625 365.79708693455905, 33.99095561151122 44.413188070835304 364.3661127919331, 33.979576837632294 44.39755323657118 50.20091036334634, 33.970129196375765 44.393174488173905 68.12579479068518, 33.96946740723316 44.3928898887452 67.36932333558798))",Simeiz
15,12338,"POLYGON Z ((102.23498721511311 51.76970470336481 811.4122473476455, 102.23493536627355 51.76972348686579 812.53104697261, 102.23493531279937 51.76972351165573 812.3111864235252, 102.2339224993692 51.770260760243914 821.6125880042091, 102.23536268348586 51.7700335141322 803.346978331916, 102.23498721511311 51.76970470336481 811.4122473476455))",Badary
16,12349,"POLYGON Z ((92.79351671532484 55.99322960328031 216.8517068075016, 92.79351407090965 55.99323063230172 216.85390011966228, 92.79383559347733 55.99324947174594 210.04327310156077, 92.79351671532484 55.99322960328031 216.8517068075016))",Krasnoyarsk
17,12350,"POLYGON Z ((29.781944110628256 60.53234626901105 86.04700335208327, 29.780878834065355 60.53286320734243 76.68728006351739, 29.780456825419275 60.53315528284981 69.06252097990364, 29.77948547000055 60.53429638418243 82.27478360943496, 29.781944110628256 60.53234626901105 86.04700335208327))",Svetloe
18,12351,"POLYGON Z ((41.565167900852224 43.78781119700501 1175.063189310953, 41.56506933115781 43.788393870970935 1166.2853422015905, 41.56538484641677 43.78866997567542 1155.4174492638558, 41.565167900852224 43.78781119700501 1175.063189310953))",ZELENCHUKSKAYA
19,12602,"POLYGON Z ((23.932888103308592 38.07840499045458 513.568995594047, 23.932434535528206 38.07855285576119 510.56674421578646, 23.932466973549325 38.07859269091135 510.5530795454979, 23.93288240040124 38.07844384454563 512.7957193022594, 23.932888103308592 38.07840499045458 513.568995594047))",Dionysos
20,12711,"POLYGON Z ((11.646817643336854 44.51995886840503 50.012218467891216, 11.64649653147428 44.52003903895144 49.39005516376346, 11.646937920263944 44.52049538092493 67.15549713093787, 11.646817643336854 44.51995886840503 50.012218467891216))",Medicina
21,12717,"POLYGON Z ((14.989789626366186 36.87584618416111 126.33248234726489, 14.98905192656665 36.87605301952609 143.21555331349373, 14.988416390714615 36.87660083953706 125.24468094762415, 14.989812342914945 36.8761119840327 126.20838251244277, 14.989789626366186 36.87584618416111 126.33248234726489))",Noto
22,12725,"POLYGON Z ((8.972992917305353 39.13549891992808 229.95705779735, 8.972050519508683 39.13666089858192 252.07741100899875, 8.972755000430066 39.1359133164327 238.3563178172335, 8.972992917305353 39.13549891992808 229.95705779735))",Cagliari
23,12734,"POLYGON Z ((16.70429306876051 40.64853304501451 528.3833882436156, 16.704020888289797 40.64952699457981 543.3723827842623, 16.70464708549968 40.64902168395041 535.7168915374205, 16.704691728944024 40.648835781190684 535.8380307881162, 16.704614547110502 40.6486731511702 536.9815060747787, 16.70429306876051 40.64853304501451 528.3833882436156))",Matera
24,13212,"POLYGON Z ((0.3362738754905454 50.86731520350305 76.4859156915918, 0.3343557690402568 50.86748090850646 83.33719838503748, 0.3361285649584317 50.86738334312107 75.39709528069943, 0.3362738754905454 50.86731520350305 76.4859156915918))",Herstmonceux Ca
25,13402,"POLYGON Z ((-6.206217144425134 36.462786607003125 68.15059016644955, -6.206275199615178 36.46335083698188 83.20721801463515, -6.206262733974082 36.46426916549036 73.6698536677286, -6.205306799560345 36.46525664361994 97.91507464181632, -6.2053067139107805 36.46525661549749 98.26169677916914, -6.206217144425134 36.462786607003125 68.15059016644955))",SAN FERNANDO
26,13407,"POLYGON Z ((-4.25141577042505 40.427186734781955 833.8478060169145, -4.249656711673915 40.42916335982968 829.511911819689, -4.250696552428406 40.42720792657883 833.8535722326487, -4.25141577042505 40.427186734781955 833.8478060169145))",Madrid-Robledo
27,13420,"POLYGON Z ((-3.088526540984559 40.52347473761877 976.9429661436006, -3.0894100376320366 40.52415669190614 979.8548138784245, -3.0886239941673423 40.52490201447253 972.7592896521091, -3.086858103163787 40.52466831517938 988.9202226316556, -3.088526540984559 40.52347473761877 976.9429661436006))",Yebes
28,13504,"POLYGON Z ((5.818231690960825 52.173359598203575 104.80480794608593, 5.809646580009087 52.17842822475111 96.84499933943152, 5.8098117111063114 52.178403429474464 93.43612746614963, 5.818231690960825 52.173359598203575 104.80480794608593))",KOOTWIJK
29,14001,"POLYGON Z ((7.465033268098943 46.87709519259474 956.4231173545122, 7.465224527215639 46.87723155448096 951.1124470699579, 7.465279354386589 46.87709896422593 956.3394707161933, 7.465033268098943 46.87709519259474 956.4231173545122))",Zimmerwald
30,14106,"POLYGON Z ((13.0660940839976 52.37929871375904 144.4182449914515, 13.064898371694909 52.380021117011246 133.53647471684963, 13.061436993874429 52.38301383806777 127.33767508622259, 13.065294952066658 52.38026500139369 147.90902879554778, 13.0660940839976 52.37929871375904 144.4182449914515))",Potsdam
31,14201,"POLYGON Z ((12.878283052152932 49.143417598619365 672.5463201971725, 12.875322762287592 49.14506719616981 653.3191315950826, 12.877455358052824 49.14501034135027 669.1217284286395, 12.878102511940872 49.14494162411015 661.1258220905438, 12.878630698102114 49.144788670642576 663.4217370450497, 12.878943602141677 49.14423041859539 665.9369462998584, 12.878935510132907 49.14420261751649 665.933579498902, 12.878283052152932 49.143417598619365 672.5463201971725))",Wettzell
32,21601,"POLYGON Z ((115.89206024027818 39.60693268645963 81.78638282977045, 115.89248880432758 39.608600255612856 87.49332420434803, 115.89269464757206 39.6077299207295 71.9183714138344, 115.89206024027818 39.60693268645963 81.78638282977045))",BEIJING
33,21602,"POLYGON Z ((114.4911444125675 30.515553109532263 70.47226038854569, 114.48967441655138 30.515655835661217 86.53677675873041, 114.35726564572856 30.531651709648603 25.80925228819251, 114.34625773124732 30.541795490548672 38.90472921729088, 114.49114443358451 30.51555318127709 70.84141776431352, 114.49114450097312 30.515553116944652 70.84229256212711, 114.4911444125675 30.515553109532263 70.47226038854569))",WUHAN-JIUFENG
34,21605,"POLYGON Z ((121.18661611349974 31.09609350230272 99.95119419321418, 121.19174604555175 31.097538028489442 27.825481648556888, 121.20044768362308 31.099641526230144 22.03938321955502, 121.19966490242986 31.099160710721023 29.398871443234384, 121.18661611349974 31.09609350230272 99.95119419321418))",SHANGHAI
35,21609,"POLYGON Z ((102.79594292905126 25.02733275056665 1974.29958099965, 102.79743548369441 25.02996484659478 1993.0546711189672, 102.79768424718138 25.029789471340347 1987.02945713792, 102.79594292905126 25.02733275056665 1974.29958099965))",KUNMING
36,21612,"POLYGON Z ((87.17731068759713 43.47110820541246 2028.7093486078084, 87.60066995255634 43.80794981755373 858.8562316540629, 87.70539220999841 43.81361098387227 845.5919383931905, 87.17814175072013 43.471510454225026 2033.2156902179122, 87.17731068759713 43.47110820541246 2028.7093486078084))",Urumqi
37,21613,"POLYGON Z ((91.03767423457236 29.634869525435423 3599.809928772971, 91.10399503821786 29.657342072670513 3624.6754913870245, 91.104030102406 29.65733339029063 3624.6066054645926, 91.03767423457236 29.634869525435423 3599.809928772971))",Lhasa
38,21701,"POLYGON Z ((140.66273510866898 35.95411026147054 80.08515484072268, 140.65767385234724 35.9553722292844 57.88110057357699, 140.6574714352812 35.95558928658559 62.42712606675923, 140.6575921061977 35.956190580771114 65.70811329130083, 140.66008883783007 35.95590928988941 78.42244862951338, 140.66273510866898 35.95411026147054 80.08515484072268))",KASHIMA
39,21702,"POLYGON Z ((141.20399852211173 39.110413271076865 173.08927492331713, 141.13234737798953 39.133372134391806 110.8621967881918, 141.1328256692656 39.13516957992106 116.97595151234418, 141.20399852211173 39.110413271076865 173.08927492331713))",MIZUSAWA
40,21704,"POLYGON Z ((139.48912360727925 35.71008434240013 122.44357318710536, 139.4879527598968 35.71018794628525 114.38858937006444, 139.48808273049386 35.71055692021496 125.48048711940646, 139.48912360727925 35.71008434240013 122.44357318710536))",KOGANEI
41,21730,"POLYGON Z ((140.08873604545894 36.10314509321574 84.72993964049965, 140.08711556878583 36.10557576576694 69.95072601176798, 140.08717705666498 36.105634850708405 69.63023018836975, 140.08749602263305 36.105679154255455 67.28412113897502, 140.08873604545894 36.10314509321574 84.72993964049965))",Tsukuba
42,21732,"POLYGON Z ((142.1949959608418 27.067223526839236 107.51750345341861, 142.18457461800472 27.095583431046474 208.1586634637788, 142.19460718747175 27.093942479553608 56.17671261448413, 142.19502624376605 27.067532408706835 104.22485117707402, 142.1949959608418 27.067223526839236 107.51750345341861))",CHICHIJIMA / OG
43,22006,"POLYGON Z ((121.04126547957267 14.535402207443239 84.8858064217493, 121.040765124923 14.535441724914739 86.65292950998992, 121.04115374368087 14.535458936817552 87.29733218066394, 121.04118124256594 14.53545285136586 87.05260234232992, 121.04126547957267 14.535402207443239 84.8858064217493))",Manila - Taguig
44,23101,"POLYGON Z ((106.84891288439512 -6.491055232333047 158.15055988542736, 106.84884129175713 -6.490683396767706 161.1172194564715, 106.84917426431193 -6.490365143912579 169.14565427508205, 106.84891288439512 -6.491055232333047 158.15055988542736))",Cibinong
45,23902,"POLYGON Z ((127.36608409916661 36.3744197590431 77.46376941446215, 127.37448221635135 36.39942758813495 116.84344948641956, 127.37448261196182 36.399427688319186 116.84201994445175, 127.37470994024342 36.39903420087511 115.08367673493922, 127.36608409916661 36.3744197590431 77.46376941446215))",Daejeon
46,23907,"POLYGON Z ((127.30291263932669 36.52099126735888 176.48448493890464, 127.30319404854842 36.522212262767894 181.21312935370952, 127.3033625098168 36.52272045231866 194.5917143886909, 127.30291263932669 36.52099126735888 176.48448493890464))",Sejong Observat
47,30302,"POLYGON Z ((27.68518040992648 -25.890401659881167 1407.1991389272735, 27.684269308575516 -25.889734974704623 1409.4128398643807, 27.707462551031444 -25.88685177957577 1559.4246999016032, 27.707462601244636 -25.886851786040236 1559.6032531792298, 27.70754179912412 -25.887106341797132 1562.896628553979, 27.68518040992648 -25.890401659881167 1407.1991389272735))",Hartebeesthoek
48,30314,"POLYGON Z ((20.810912801223584 -32.38143232458381 1797.6129962801933, 20.802492163187328 -32.3791801786785 1726.1294435858727, 20.810464382384723 -32.38020885954749 1799.763476997614, 20.810912801223584 -32.38143232458381 1797.6129962801933))",Sutherland
49,30602,"POLYGON Z ((-14.41207283807898 -7.951212569295538 105.1099592326209, -14.332640254601802 -7.916194048012498 38.545265573076904, -14.332329147933477 -7.916257805390135 38.45874359458685, -14.41207283807898 -7.951212569295538 105.1099592326209))",Ascension III
50,30606,"POLYGON Z ((-5.667344800485703 -15.9425332973282 453.1808764664456, -5.667419188976304 -15.942220020785479 455.8671650066972, -5.667363739012859 -15.942353252067182 453.98926849197596, -5.667344800485703 -15.9425332973282 453.1808764664456))",Saint-Helena
51,31906,"POLYGON Z ((-25.662830724276223 37.747738971618354 110.13053065165877, -25.662830603823757 37.74773900845565 110.13243694137782, -25.662762169923177 37.747750822580386 110.61095638293773, -25.662830724276223 37.747738971618354 110.13053065165877))",Ponta Delgada (
52,32809,"POLYGON Z ((9.672126884815192 0.3539081864170313 31.50922178849578, 9.672121426440842 0.3540382242898092 34.28531973157078, 9.672121439065362 0.3540382246788379 34.52111225295812, 9.672141988136769 0.3540032874157545 33.77843028586358, 9.672126884815192 0.3539081864170313 31.50922178849578))",LIBREVILLE
53,39601,"POLYGON Z ((-22.934932485506366 16.732062385359047 94.08533836808056, -22.934985944785726 16.73213179664616 91.89712891727686, -22.93496310005905 16.732172159946717 92.58382979314774, -22.93496309135575 16.73217216104001 92.58481670636684, -22.934932485506366 16.732062385359047 94.08533836808056))",Palmeira - Cape
54,39801,"POLYGON Z ((55.530873995696396 -4.67882272241467 -36.052275605499744, 55.530506644438155 -4.678818340343615 -36.47449964378029, 55.47940636067662 -4.673718112365904 537.1688478924334, 55.47945335363978 -4.673651374120697 538.830718842335, 55.53063120226385 -4.678731487144703 -37.60715150181204, 55.530873995696396 -4.67882272241467 -36.052275605499744))",Mahe Island
55,39901,"POLYGON Z ((42.846517481111555 11.526151019599459 716.6029981067404, 42.84665855766246 11.52632511248666 716.0250707892701, 42.847065289459096 11.526287988371864 711.4011275013909, 42.846517481111555 11.526151019599459 716.6029981067404))",Observatoire Ge
56,40101,"POLYGON Z ((-52.67923424816478 47.59519613829949 155.06231729499996, -52.67830837880758 47.595435459673396 154.51206477824599, -52.67775151833639 47.59524106209521 152.82998439576477, -52.67923424816478 47.59519613829949 155.06231729499996))",ST JOHN'S
57,40104,"POLYGON Z ((-78.07272876465892 45.95549942582367 224.05045168753713, -78.07137029963933 45.95580058267316 200.9511692011729, -78.07031120195472 45.95559015505274 194.99315127544105, -78.07272876465892 45.95549942582367 224.05045168753713))",Algonquin
58,40127,"POLYGON Z ((-114.47931158197233 62.480578808877716 178.89968369156122, -114.48070489337518 62.48089279873883 180.96745298989117, -114.48084746030825 62.48132081592693 181.03295253869146, -114.4798640112309 62.48109415463457 182.2161725787446, -114.47931158197233 62.480578808877716 178.89968369156122))",Yellowknife
59,40400,"POLYGON Z ((-118.12728808425203 34.13670947604884 215.31552772037685, -118.27705302516921 34.18489522004237 246.22857939638197, -118.17334165895484 34.20506000649839 425.12238562386483, -118.05591514222638 34.22612165297043 1705.2888491284102, -118.12728808425203 34.13670947604884 215.31552772037685))",Pasadena - JPL
60,40403,"POLYGON Z ((-118.4042509302969 33.74329141493632 69.35261041857302, -118.40425843336173 33.74329762140453 71.04352807998657, -118.37216742006315 33.77945512490323 259.5830535655841, -118.40356056649198 33.74376601342906 69.39166257530451, -118.4042509302969 33.74329141493632 69.35261041857302))",PALOS VERDES
61,40405,"POLYGON Z ((-116.79446112535491 35.24716371150967 1070.3980207433924, -116.89152424274525 35.33123640948067 896.2707400107756, -116.89173897789023 35.331516851690665 897.9289676230401, -116.88925187808563 35.42515562747392 986.7415787326172, -116.88719715735282 35.42185283118572 973.177749671042, -116.79189680890624 35.248365897515534 1041.1203673426062, -116.79171124199571 35.24756061840578 1043.8494821731001, -116.79446112535491 35.24716371150967 1070.3980207433924))",GOLDSTONE
62,40407,"POLYGON Z ((-116.45880946376282 33.60924994299869 1235.6278442358598, -116.45816266031265 33.61215647371758 1256.1609221436083, -116.45762050593319 33.61214839197018 1258.2868841029704, -116.45880946376282 33.60924994299869 1235.6278442358598))",PINYON FLATS
63,40408,"POLYGON Z ((-147.51246478843655 64.97172054541747 350.6718534408137, -147.51757807592082 64.97230856900906 339.6215583719313, -147.49943180731873 64.97805890625209 319.3626570496708, -147.49751782355156 64.97840914429933 332.08913497719914, -147.51246478843655 64.97172054541747 350.6718534408137))",FAIRBANKS
64,40420,"POLYGON Z ((-120.68207013038204 34.469402866631825 14.883986100554466, -120.61645411604204 34.556312871873914 -11.512926860712469, -120.61642943394251 34.556085773824236 -12.105658948421478, -120.68207013038204 34.469402866631825 14.883986100554466))",VANDENBERG AFB
65,40424,"POLYGON Z ((-159.66543975583764 22.123060690578043 1166.9748095553368, -159.66517527589176 22.12630535423856 1168.304847093299, -159.66510855717223 22.126643702553896 1176.5896750604734, -159.66491345767753 22.12644194398677 1168.5635233148932, -159.664933947542 22.126265906997087 1167.3637421326712, -159.66536957214066 22.123137740707772 1165.7264821566641, -159.66543975583764 22.123060690578043 1166.9748095553368))",Kauai
66,40433,"POLYGON Z ((-120.94443051679417 39.97455325115748 1105.9838678268716, -120.9448119570919 39.97500854518407 1106.2574752764776, -120.94470378524568 39.975000538808445 1106.3235761718825, -120.94443045948587 39.974553719377646 1105.860982723534, -120.94443051679417 39.97455325115748 1105.9838678268716))",QUINCY
67,40439,"POLYGON Z ((-118.28272405658645 37.231457799232146 1200.905590542592, -118.29379761888339 37.23260005950347 1176.8636043304577, -118.2770577108582 37.23164982401134 1196.3095441767946, -118.28272405658645 37.231457799232146 1200.905590542592))",OWENS VALLEY
68,40440,"POLYGON Z ((-71.49379704379908 42.612948940502484 86.76448087021708, -71.48816393417191 42.623297675540805 116.66925458982587, -71.48764662250547 42.622696995842055 92.09679340943694, -71.49332875178516 42.61333611218105 85.02577598765492, -71.49379704379908 42.612948940502484 86.76448087021708))",WESTFORD
69,40441,"POLYGON Z ((-79.84335461854609 38.429585902349466 785.8535364894196, -79.8357817522918 38.43782405587517 812.5400349823758, -79.82552160789086 38.436852137282735 806.6224319851026, -79.81703284936657 38.43012626129271 811.1909965854138, -79.84335461854609 38.429585902349466 785.8535364894196))",Greenbank
70,40442,"POLYGON Z ((-103.94482280437099 30.63502883534177 1606.4145334288478, -103.94733680001767 30.635786566541068 1583.358711806126, -104.02371061127283 30.680316978899672 1890.5844183620065, -104.01499429908462 30.680510588922065 2004.5078268870711, -103.94726518061442 30.63672311082309 1595.082945138216, -103.94482280437099 30.63502883534177 1606.4145334288478))",FORT DAVIS
71,40445,"POLYGON Z ((-156.25692679418262 20.706492123117357 3056.2637471612543, -156.25703000511461 20.706657586437057 3062.0980320023373, -156.25624072056323 20.707416051034617 3072.8599022859707, -156.25592218627156 20.707223762507486 3067.537528927438, -156.25692679418262 20.706492123117357 3056.2637471612543))",MAUI
72,40451,"POLYGON Z ((-77.02440436504558 38.82074732809182 -18.208821358159184, -77.06622677391137 38.91896309310406 48.86176670528948, -77.06631763603058 38.92056453058418 58.98048744164407, -76.82730248361796 39.02202118800901 18.52077501732856, -76.82654486619121 39.02192654398018 13.691104515455663, -76.82745001500602 39.02026977353845 18.476637641899288, -77.02440436504558 38.82074732809182 -18.208821358159184))",Washington
73,40496,"POLYGON Z ((-104.72593918940393 40.181592276987715 1502.8291390240192, -104.72634842162631 40.18279203424332 1501.336086370051, -104.72598165313771 40.18277731382648 1501.1100538605824, -104.72593918940393 40.181592276987715 1502.8291390240192))",PLATTEVILLE
74,40497,"POLYGON Z ((-116.42284802400313 32.89173618332625 1838.8236386636272, -116.42282580922533 32.89176933690579 1838.89414991159, -116.4223522515705 32.89194108556878 1842.5237130289897, -116.42237109232852 32.89185609093063 1842.9549350440502, -116.4226783576986 32.89174151601146 1839.005484172143, -116.42284802400313 32.89173618332625 1838.8236386636272))",Monument Peak
75,40499,"POLYGON Z ((-80.38411614071951 25.61335436922475 -22.60921625420451, -80.38474295713664 25.61374965329924 -11.79731351044029, -80.38609177123358 25.615349806486226 -22.074990143999457, -80.38895928666525 25.6237476996478 -18.53796071279794, -80.38393280610205 25.613779861513002 -15.611900835298002, -80.38411614071951 25.61335436922475 -22.60921625420451))",RICHMOND
76,41507,"POLYGON Z ((-67.75179874747568 -53.78584183498827 34.58506919257343, -67.75188212529567 -53.785814932201404 34.20550471264869, -67.75111749569434 -53.78547093387085 32.04650228936225, -67.7511174307181 -53.78547093356191 32.05198104027659, -67.75105903083757 -53.785835657238756 33.51881852094084, -67.75105902828452 -53.78583571110114 33.522732853889465, -67.75179874747568 -53.78584183498827 34.58506919257343))",Rio Grande
77,41508,"POLYGON Z ((-68.62326839685537 -31.50868267106651 727.3404604829848, -68.62307243780388 -31.50841101640278 725.7841193424538, -68.62315694658037 -31.50862445471014 727.2799031985924, -68.62326839685537 -31.50868267106651 727.3404604829848))",San Juan
78,41602,"POLYGON Z ((-38.425859206688955 -3.877857003037387 23.07390283420682, -38.425613065270475 -3.877444064505584 19.47611343022436, -38.42553770609267 -3.8774456851475603 21.676564662717283, -38.42554113489101 -3.87754713647192 21.734528404660523, -38.425859206688955 -3.877857003037387 23.07390283420682))",Forteleza
79,41609,"POLYGON Z ((-44.98515875340652 -22.687144564850207 617.4114915765822, -45.00198366655632 -22.68274629900228 571.0120128747076, -45.00243996564648 -22.68230188533986 567.1010270323604, -45.00237571762853 -22.682272776360808 566.2664424441755, -44.98515875340652 -22.687144564850207 617.4114915765822))",Cachoeira Pauli
80,41703,"POLYGON Z ((-109.38328289600383 -27.148209885625626 114.53736432082951, -109.38365135472911 -27.147861103691564 120.094976243563, -109.34440487587386 -27.124983311555088 112.49442930612713, -109.38328289600383 -27.148209885625626 114.53736432082951))",Easter Island
81,41705,"POLYGON Z ((-70.53693020411339 -33.395794012858424 895.00057645794, -70.66830727705369 -33.1514707247558 730.376100490801, -70.66855170997455 -33.15028672809161 723.0774887353182, -70.66862530061539 -33.149633988559856 724.5257762027904, -70.66861762513604 -33.14962746127714 723.1007735393941, -70.6684609901509 -33.14962760795556 724.3607295369729, -70.53693020411339 -33.395794012858424 895.00057645794))",Santiago
82,41719,"POLYGON Z ((-73.02547764929396 -36.84375926807087 180.6716937692836, -73.02537459607467 -36.84283734017203 173.45274604018778, -73.02514192286489 -36.84271475152813 170.96175301354378, -73.02547764929396 -36.84375926807087 180.6716937692836))",Concepcion
83,42005,"POLYGON Z ((-90.30366756770115 -0.7429985008471001 1.7882081400603056, -90.30436830513202 -0.7423751503218131 6.741552100516856, -90.30436826500096 -0.7423750723777625 6.7352160811424255, -90.30361382045125 -0.7426942025594986 7.435529923066497, -90.30366756770115 -0.7429985008471001 1.7882081400603056))",Santa Cruz
84,42202,"POLYGON Z ((-71.49300032970837 -16.465772790336946 2490.9211068218574, -71.49311916953366 -16.465739804783407 2492.136777566746, -71.49290137281926 -16.465422096589638 2489.264222195372, -71.49278961158032 -16.465511898908872 2488.8855143254623, -71.49300032970837 -16.465772790336946 2490.9211068218574))",Arequipa
85,43001,"POLYGON Z ((-68.82504537683837 76.53704800637964 36.14147268142551, -68.82364993112446 76.53748691158434 40.174475946463645, -68.78802200438072 76.53733781180715 55.07914864085615, -68.82504537683837 76.53704800637964 36.14147268142551))",Thule
86,49914,"POLYGON Z ((-80.16310748303258 25.732783869543688 -12.142114331945777, -80.16220024628605 25.734691894784685 0.0874570552259684, -80.16017143863344 25.73281024633907 -16.18294688500464, -80.16310748303258 25.732783869543688 -12.142114331945777))",Virginia Key -
87,50103,"POLYGON Z ((148.93951938619543 -35.63650678759323 1348.2510177772492, 148.93951933533236 -35.63650677368253 1348.4663384770975, 148.9393169461126 -35.63624262532315 1350.066237859428, 148.9776878200472 -35.398450903767866 674.3434688681737, 148.97854648560556 -35.395095043612116 685.4960553171113, 148.98126944355016 -35.40241755118246 688.7738153375685, 148.93951938619543 -35.63650678759323 1348.2510177772492))",Tidbinbilla
88,50107,"POLYGON Z ((115.34562812803836 -29.047143582368125 248.2326008277014, 115.34676765551096 -29.046158457186777 243.04954655840993, 115.3471552404943 -29.046490337112747 242.4492003172636, 115.34697787080684 -29.046584442943793 241.37068821117282, 115.34562812803836 -29.047143582368125 248.2326008277014))",Yarragadee
89,50116,"POLYGON Z ((147.43814111631752 -42.80557142508052 40.95217171218246, 147.43873605097423 -42.80470765136619 41.05779664777219, 147.4405209993912 -42.80357708949594 65.08972453325987, 147.43814111631752 -42.80557142508052 40.95217171218246))",Hobart
90,50119,"POLYGON Z ((149.0101566533396 -35.31615602525532 802.4637049268931, 149.0098822886652 -35.31613796378711 804.9795887749642, 149.01005447228098 -35.315528415123175 799.9209288265556, 149.0101566533396 -35.31615602525532 802.4637049268931))",Mount Stromlo
91,50253,"POLYGON Z ((-176.36848356771716 -44.025141377857345 23.842064169235528, -176.3688806567628 -44.02434762455996 23.713757649064064, -176.3688023092195 -44.02429438299607 21.625808773562312, -176.36848356771716 -44.025141377857345 23.842064169235528))",Owenga (Chatham
92,66006,"POLYGON Z ((39.58374249312123 -69.00695702057628 49.99378286022693, 39.578544161548734 -69.00487000395505 42.95732218492776, 39.578544774334 -69.00487001582297 42.91086350847036, 39.57879849126838 -69.00488842361045 46.52317632175982, 39.58628430816713 -69.00632411618419 51.02067887689918, 39.58374249312123 -69.00695702057628 49.99378286022693))",Syowa
93,66007,"POLYGON Z ((-68.12735661585607 -67.57139047318917 35.54303389135748, -68.1273567361772 -67.57139044821015 35.183500106446445, -68.12735675387594 -67.57139040589274 35.54775461181998, -68.12438163529276 -67.5693282451936 26.95013534091413, -68.12547045163367 -67.57113116276226 36.07513384427875, -68.12577387158056 -67.57138792622324 39.72322115022689, -68.12735661585607 -67.57139047318917 35.54303389135748))",Rothera
94,66008,"POLYGON Z ((-57.9008155807246 -63.32112425172771 40.008742299862206, -57.90138310704688 -63.32109155374483 32.64179321564734, -57.90033557639872 -63.32072182478323 30.754578010179102, -57.9008155807246 -63.32112425172771 40.008742299862206))",O'higgins
95,91201,"POLYGON Z ((70.21792843316791 -49.352183206849624 47.260524773970246, 70.25552271937127 -49.35146707910448 73.0239117089659, 70.26270260223183 -49.3520856643351 62.64373289514333, 70.26270288822492 -49.35208585072833 62.39858030155301, 70.21792843316791 -49.352183206849624 47.260524773970246))",Kerguelen
96,91301,"POLYGON Z ((51.85548216145499 -46.431896492716035 202.809436426498, 51.855585719829996 -46.43183015186087 203.5401531709358, 51.855586074894994 -46.43183019322584 203.5465444009751, 51.85548216145499 -46.431896492716035 202.809436426498))",ILE DE LA POSSE
97,91501,"POLYGON Z ((140.00203608086917 -66.66519200111244 -0.6210720762610435, 140.00203596601207 -66.66519192752119 -0.6369174374267459, 140.00193503440528 -66.66508571241286 -1.364234710112214, 140.0014435104678 -66.66267418420752 0.8475359538570046, 140.00203608086917 -66.66519200111244 -0.6210720762610435))",Ile des Petrels
98,92201,"POLYGON Z ((-149.60644010932242 -17.577059437204404 98.00642758514732, -149.60645490217937 -17.57705898795711 98.02497160155326, -149.6095742572741 -17.576505342807405 75.06535540428013, -149.61430463052113 -17.555311002771095 12.04715165682137, -149.57272572539068 -17.533081515667796 11.932189059443772, -149.57272574161993 -17.533081538903303 11.934007675386965, -149.60619415212182 -17.577026147379755 99.81679664831609, -149.60644010932242 -17.577059437204404 98.00642758514732))",Papeete (Tahiti
99,92202,"POLYGON Z ((-151.04114797263452 -16.733511154136725 43.64657986070961, -151.04124185891533 -16.733508515852407 47.02149477414787, -151.04114800302136 -16.733511118466403 45.39560451731086, -151.04114797263452 -16.733511154136725 43.64657986070961))",Huahine (Motu H
100,92301,"POLYGON Z ((-134.96482544562784 -23.130353988641044 80.64484681375325, -134.96492303915224 -23.130256840529196 82.22372676804662, -134.96492304191202 -23.130256834059708 82.22311296127737, -134.96492308055633 -23.130256684167765 82.21309752762318, -134.96482544562784 -23.130353988641044 80.64484681375325))",Rikitea (Ile Ma
101,92701,"POLYGON Z ((166.41020335028912 -22.26984637827993 83.04823987279087, 166.41006093859258 -22.269834155921554 83.06194273754954, 166.4103984893159 -22.269464676026413 85.18539061024785, 166.48488617287816 -22.228322726471177 160.3189439009875, 166.48489738291107 -22.22843037176549 160.11366865038872, 166.48489736302614 -22.228430410517642 159.75397451315075, 166.41020335028912 -22.26984637827993 83.04823987279087))",Noumea
102,92902,"POLYGON Z ((-178.1209474966888 -14.307802013750392 84.87283880449831, -178.12100134525642 -14.307784967997788 85.73272269126028, -178.12100131559745 -14.3077849279693 85.12734062597156, -178.1209474966888 -14.307802013750392 84.87283880449831))",Futuna
103,97301,"POLYGON Z ((-52.63975032190007 5.09847122315694 107.2456278661266, -52.805972316227184 5.252189588395656 -25.770144380629063, -52.80596009768594 5.252182380847007 -25.783396581187844, -52.639781076533914 5.098628844422682 109.69562640506774, -52.63975032190007 5.09847122315694 107.2456278661266))",KOUROU
104,97401,"POLYGON Z ((55.571761280510806 -21.208986814577433 1561.1438304269686, 55.571721822088534 -21.208224660868517 1558.37141519133, 55.57177007252926 -21.20836102204521 1561.912499270402, 55.57177012891571 -21.208361309227687 1561.0891633741558, 55.571761280510806 -21.208986814577433 1561.1438304269686))",La Reunion
